id,first_name,last_name,email,phone,gender
1,Barbie,Marguerite,,,Female
2,Alwyn,Hanshawe,ahanshawe1@businessinsider.com,94285168998,Male
3,Ruperta,Chessel,rchessel2@slate.com,55859833105,Female
4,Fenelia,Dickenson,fdickenson3@vkontakte.ru,77234846884,Female
5,Devin,Gilbeart,dgilbeart4@stanford.edu,27286578911,Female
6,Jazmin,Ionesco,jionesco5@rediff.com,13395155680,Female
7,Pier,Kenson,pkenson6@csmonitor.com,82290175206,Female
8,Wallis,Punt,wpunt7@yahoo.com,74545068320,Female
9,Daisy,Ellington,dellington8@weebly.com,61075101341,Female
10,Mufi,Suarez,msuarez9@devhub.com,85883872960,Female
11,Robby,Ludlow,rludlowa@virginia.edu,34844971335,Male
12,Boony,Tampion,btampionb@csmonitor.com,21789657749,Male
13,Felizio,Brownlie,fbrownliec@biblegateway.com,75082766227,Polygender
14,Ivor,Minger,imingerd@nih.gov,53913192504,Male
15,Hoyt,Bath,hbathe@prnewswire.com,20426581974,Male
16,Isaac,Jaxon,ijaxonf@a8.net,62683557025,Male
17,Karlik,Tamsett,ktamsettg@digg.com,29987542904,Genderfluid
18,Camilla,Leyshon,cleyshonh@geocities.jp,21315131913,Female
19,Stephanus,Masters,smastersi@fema.gov,85873963494,Male
20,Joye,Brawson,jbrawsonj@kickstarter.com,51378322536,Agender
21,Van,Handmore,vhandmorek@mozilla.org,55805325665,Male
22,Dosi,Sedgeman,dsedgemanl@hud.gov,,Female
23,Martie,Benitti,mbenittim@w3.org,67379133238,Male
24,Ross,Pagel,rpageln@nps.gov,11636686827,Male
25,Rudiger,Leap,rleapo@hubpages.com,76909362523,Male
26,Ferdinand,Ferrant,,85390019988,Male
27,Charlton,Screeton,,86649681601,Male
28,Dona,Larive,dlariver@linkedin.com,50896038405,Female
29,Leone,Hickinbottom,lhickinbottoms@list-manage.com,51662025802,Female
30,Humfrid,Dobbson,hdobbsont@shutterfly.com,25597909234,Male
31,Selene,Cullinan,scullinanu@epa.gov,79973561752,Female
32,Quintilla,Yitshak,qyitshakv@mapquest.com,26467222368,Female
33,Sawyer,Shellum,sshellumw@aboutads.info,29833341322,Male
34,Jackqueline,Bessell,jbessellx@cam.ac.uk,16872501186,Bigender
35,Alfy,Teanby,ateanbyy@wordpress.org,14118033869,Male
36,Opalina,Dilks,odilksz@is.gd,,Female
37,Don,Grindlay,dgrindlay10@marketwatch.com,,Male
38,Winne,Berthod,wberthod11@netscape.com,62906398112,Female
39,Adrianna,Melly,amelly12@hugedomains.com,33035742120,Female
40,Lorry,Cubitt,lcubitt13@statcounter.com,72976524055,Male
41,Gibby,Giacobillo,ggiacobillo14@skyrock.com,68729383683,Male
42,Dalila,Gaskall,dgaskall15@scribd.com,39568070200,Female
43,Linus,Millbank,lmillbank16@geocities.com,75713741945,Male
44,Solly,Sondland,ssondland17@g.co,48924313354,Male
45,Kristin,Dallas,kdallas18@go.com,87734528719,Female
46,Clerkclaude,Laddle,claddle19@google.pl,24578726839,Male
47,Brodie,Whyatt,bwhyatt1a@umn.edu,91205156454,Male
48,Curcio,Scane,cscane1b@mozilla.com,52896452080,Male
49,Spenser,Castles,scastles1c@so-net.ne.jp,85201336838,Male
50,Evvie,Itzcovich,eitzcovich1d@acquirethisname.com,20286176860,Female
51,Vincenz,Starsmeare,vstarsmeare1e@shop-pro.jp,42950514538,Genderfluid
52,Evanne,Cargenven,ecargenven1f@youtu.be,38784770448,Female
53,Blane,Gogin,bgogin1g@phoca.cz,89191516114,Male
54,Georgianne,Tench,gtench1h@free.fr,53709352780,Female
55,Jillayne,Elliot,jelliot1i@wordpress.org,,Female
56,Heinrick,Mesant,hmesant1j@businessinsider.com,,Male
57,Karena,Dowdeswell,kdowdeswell1k@upenn.edu,,Female
58,Harmonie,Klicher,hklicher1l@home.pl,34079908522,Female
59,Keenan,Dron,kdron1m@salon.com,95589747171,Genderqueer
60,Dorisa,Kesby,dkesby1n@odnoklassniki.ru,50984435475,Female
61,Kara-lynn,Darbon,kdarbon1o@naver.com,76313919577,Female
62,Daisie,Kondratovich,dkondratovich1p@aol.com,66896830364,Female
63,Sheryl,Markwelley,smarkwelley1q@xinhuanet.com,89933775289,Female
64,Velvet,Searle,vsearle1r@guardian.co.uk,60240070691,Female
65,Winifred,Goadbie,,70047770533,Female
66,Silvester,Hearst,shearst1t@friendfeed.com,16408092513,Male
67,Ulises,Breedy,ubreedy1u@biglobe.ne.jp,78574057556,Male
68,Wallache,Perrott,wperrott1v@adobe.com,17758001113,Male
69,Jeniece,Mumford,jmumford1w@economist.com,37291784034,Genderqueer
70,Kendre,Caiger,,,Female
71,Mischa,Kitchingman,mkitchingman1y@homestead.com,76137399671,Male
72,Tudor,Klosser,tklosser1z@forbes.com,,Male
73,Tiphany,De Hoogh,tdehoogh20@jigsy.com,36515685637,Female
74,Milka,McCurlye,mmccurlye21@census.gov,,Female
75,Jobi,Gelletly,jgelletly22@nydailynews.com,27933953568,Female
76,Leslie,Dixcee,ldixcee23@reverbnation.com,,Male
77,Jocelin,Driffill,jdriffill24@timesonline.co.uk,65727931576,Female
78,Charmian,Williamson,cwilliamson25@plala.or.jp,89792880646,Female
79,Lazaro,Tolworthy,ltolworthy26@barnesandnoble.com,93338599369,Male
80,Neila,Guerreru,nguerreru27@bigcartel.com,82926708981,Female
81,Cary,Harmon,charmon28@usatoday.com,63429198653,Female
82,Ulrick,Grinaway,ugrinaway29@mlb.com,75063608533,Male
83,Nadeen,Madden,nmadden2a@vkontakte.ru,,Female
84,Davis,Clash,dclash2b@mlb.com,,Male
85,Caye,Magee,cmagee2c@state.tx.us,35146449735,Female
86,Dorolisa,Bruntje,dbruntje2d@narod.ru,30832534911,Female
87,Pincas,Agglio,,,Male
88,Angie,Buie,abuie2f@state.gov,89262436474,Agender
89,Creighton,Facer,,42592047015,Male
90,Lorri,Bockler,lbockler2h@wordpress.org,,Female
91,Ingar,Whittle,iwhittle2i@mtv.com,10751563713,Male
92,Seana,Fischer,sfischer2j@google.com,71976036385,Female
93,Timmie,Garmston,tgarmston2k@japanpost.jp,71780994679,Female
94,Reinold,Robjant,rrobjant2l@globo.com,,Agender
95,Myra,Stanfield,mstanfield2m@privacy.gov.au,20782344049,Female
96,Torey,Hatchette,,71557074156,Male
97,Maddy,Priditt,mpriditt2o@ameblo.jp,61797803039,Female
98,Nanci,Saket,nsaket2p@fotki.com,66245231048,Female
99,Cleve,Godon,cgodon2q@wikipedia.org,61940894496,Male
100,Ahmed,Deare,adeare2r@ezinearticles.com,,Non-binary
101,Ezekiel,Clifforth,eclifforth2s@amazonaws.com,37015066805,Male
102,Doralia,Harrad,dharrad2t@epa.gov,79566203476,Female
103,Gavrielle,Oultram,goultram2u@ebay.com,37296747626,Female
104,Itch,Gallen,,24573239850,Genderfluid
105,Leanora,Jilliss,ljilliss2w@nsw.gov.au,31691572265,Female
106,Selig,Deniskevich,sdeniskevich2x@wordpress.com,71871198789,Male
107,Robinette,Wiersma,rwiersma2y@skyrock.com,56703868849,Female
108,Elliott,Franken,efranken2z@histats.com,,Male
109,Forster,Guerrero,fguerrero30@ucoz.ru,85876736981,Bigender
110,Syd,Rosewall,srosewall31@mysql.com,85339500207,Male
111,Gray,Guthrie,gguthrie32@canalblog.com,,Male
112,Devina,Priddey,dpriddey33@istockphoto.com,70111622182,Female
113,Gladys,Lucy,glucy34@who.int,27054614570,Agender
114,Benoite,Murra,bmurra35@aboutads.info,92574443205,Female
115,Carver,Elph,celph36@unesco.org,59787961561,Male
116,Jenica,Muncaster,jmuncaster37@behance.net,99642836634,Female
117,Justen,Skitteral,jskitteral38@flavors.me,31104334749,Male
118,Sheppard,Brixey,sbrixey39@parallels.com,12950824647,Male
119,Thibaut,Reignould,,94131366693,Male
120,Xavier,Gorgler,xgorgler3b@google.com.br,96667276355,Male
121,Bobbie,Hamner,bhamner3c@auda.org.au,49253307042,Polygender
122,Evanne,Gambell,egambell3d@gizmodo.com,79612728642,Female
123,Kelcy,Wrightam,,24318845108,Female
124,Maryanne,Tabert,mtabert3f@miitbeian.gov.cn,94017214571,Female
125,Granville,Leschelle,gleschelle3g@narod.ru,31012482427,Male
126,Lek,Dewdney,ldewdney3h@privacy.gov.au,85533772627,Male
127,Janice,Leatherland,jleatherland3i@rambler.ru,65965409872,Female
128,Denys,Topper,dtopper3j@canalblog.com,98586515903,Male
129,Terrence,Funcheon,tfuncheon3k@sogou.com,12580179060,Male
130,Keven,Hartness,khartness3l@myspace.com,22957740640,Male
131,Diandra,Mirralls,dmirralls3m@indiegogo.com,49532656932,Female
132,Abigael,Scarff,ascarff3n@wp.com,86117871413,Female
133,Seline,Clinkard,sclinkard3o@bandcamp.com,25721717514,Female
134,Sileas,Gorke,sgorke3p@goo.gl,93687985878,Female
135,Blinni,Kineton,bkineton3q@google.pl,,Female
136,Bamby,Boodell,bboodell3r@squidoo.com,99393380217,Female
137,Winne,Komorowski,wkomorowski3s@usatoday.com,97107434416,Female
138,Joana,Danilov,jdanilov3t@fc2.com,12448101610,Female
139,Johnathon,Dunaway,jdunaway3u@answers.com,95695316029,Genderqueer
140,Shandy,Coulthurst,scoulthurst3v@accuweather.com,,Genderqueer
141,Hewitt,Egerton,,37079909501,Male
142,Gilbert,Pittendreigh,gpittendreigh3x@army.mil,,Male
143,Imelda,Riedel,iriedel3y@shinystat.com,43131855395,Polygender
144,Ely,Vipan,,31243184647,Male
145,Ira,Salmons,isalmons40@hubpages.com,19305815983,Male
146,Dulciana,McGeachy,dmcgeachy41@discovery.com,73778550369,Female
147,Cherida,Tyne,ctyne42@mediafire.com,74678524789,Female
148,Ford,Backman,fbackman43@ehow.com,19618634359,Male
149,Udall,Summerhayes,usummerhayes44@cpanel.net,96949477288,Male
150,Lydon,Rudsdale,lrudsdale45@g.co,10612336793,Male
151,Stanwood,Melmeth,smelmeth46@thetimes.co.uk,45782630022,Male
152,Diana,Bryce,dbryce47@cbc.ca,54425589505,Female
153,Quinn,Vittet,qvittet48@shop-pro.jp,65037290207,Male
154,Kalil,Gerant,kgerant49@blogs.com,23091116987,Male
155,Corbet,Cargon,ccargon4a@google.ca,33430121887,Male
156,Rowe,Sowerbutts,rsowerbutts4b@japanpost.jp,33375826601,Female
157,Vale,Leroux,vleroux4c@fotki.com,18385926381,Male
158,Merrielle,Sahnow,msahnow4d@techcrunch.com,89874140435,Female
159,Kelvin,Moreland,kmoreland4e@typepad.com,,Male
160,Vlad,Waldram,vwaldram4f@wikipedia.org,16691195847,Male
161,Brockie,Lowrance,blowrance4g@prnewswire.com,79949930288,Male
162,Deeanne,Hazeup,dhazeup4h@discovery.com,99686246622,Female
163,Ulises,Muldoon,umuldoon4i@tiny.cc,,Male
164,Brandon,Lawrence,,89568623931,Male
165,Flint,Shovelton,fshovelton4k@youku.com,89199521541,Male
166,Tove,Geram,tgeram4l@sourceforge.net,28669245577,Female
167,Gardy,Bertomier,,47453406949,Male
168,Jenilee,Lote,jlote4n@marriott.com,96771314732,Female
169,Angel,Cullnean,acullnean4o@google.es,32964033057,Male
170,Vanya,Niemiec,vniemiec4p@ameblo.jp,40965052902,Male
171,Maurits,Fruish,mfruish4q@friendfeed.com,23196380926,Male
172,Sandra,Bambrick,sbambrick4r@huffingtonpost.com,,Female
173,Selina,Neylan,sneylan4s@about.me,43342963165,Female
174,Ingamar,Bothwell,ibothwell4t@forbes.com,74025854792,Male
175,Alvan,Briat,abriat4u@blog.com,45454694726,Non-binary
176,Putnem,Duffer,pduffer4v@cnn.com,,Male
177,Sterne,Hallex,shallex4w@dell.com,,Male
178,Demetri,Gregoli,dgregoli4x@tamu.edu,29855928307,Male
179,Bronny,Standen,bstanden4y@homestead.com,22059335990,Male
180,Leif,Whysall,lwhysall4z@taobao.com,83459415706,Male
181,Lynn,Birdsall,lbirdsall50@answers.com,18434390868,Male
182,Glenine,Bilbery,gbilbery51@adobe.com,40452719779,Genderqueer
183,Loralee,Elleton,lelleton52@sfgate.com,76797054170,Female
184,Bar,Ceely,bceely53@goodreads.com,71778383319,Agender
185,Zebulon,Servant,,50327291723,Male
186,Egbert,Suarez,esuarez55@tripadvisor.com,90241929347,Male
187,Cristabel,Samme,csamme56@bbb.org,66634783595,Female
188,Wade,Appleby,wappleby57@nymag.com,25720146000,Male
189,Elsy,Brideoke,ebrideoke58@unblog.fr,16080451182,Female
190,Timmy,Sellek,tsellek59@blogtalkradio.com,19148342934,Male
191,Barris,Deering,bdeering5a@arstechnica.com,,Polygender
192,Davy,Stillert,dstillert5b@newyorker.com,78715418997,Male
193,Mikael,Furnival,mfurnival5c@who.int,90229015018,Male
194,Marji,Kaysor,mkaysor5d@skyrock.com,12018876469,Female
195,Alaster,MacCallum,,60388539389,Male
196,Ddene,Von Helmholtz,dvonhelmholtz5f@symantec.com,98300421726,Female
197,Alair,Jimeno,,,Male
198,Marylinda,Stark,mstark5h@eventbrite.com,13227716733,Female
199,Hammad,Carrabot,hcarrabot5i@si.edu,96377237392,Genderfluid
200,Carrol,Undrell,cundrell5j@dedecms.com,62684514156,Non-binary
201,Lennard,Kenworthey,lkenworthey5k@alibaba.com,46894435916,Male
202,Walther,Crandon,wcrandon5l@delicious.com,77969415628,Male
203,Natale,Pree,npree5m@google.com.br,32304098693,Male
204,Bliss,Bewley,,98706657155,Female
205,Madonna,Anker,manker5o@redcross.org,39956154132,Female
206,Jeanna,Forlong,jforlong5p@miitbeian.gov.cn,39230756123,Female
207,Lora,Thunderchief,,33892173797,Female
208,Eric,Calderbank,ecalderbank5r@linkedin.com,71152212227,Male
209,Herschel,Apple,happle5s@ebay.co.uk,69367825583,Male
210,Susie,Please,splease5t@umich.edu,,Female
211,Angie,Goult,agoult5u@latimes.com,56462743930,Female
212,Madlen,Benettini,mbenettini5v@scientificamerican.com,78040685509,Female
213,Lefty,Saltman,lsaltman5w@creativecommons.org,84507229594,Male
214,Sayre,Brisley,sbrisley5x@toplist.cz,45179903610,Female
215,Kirbee,Filipovic,kfilipovic5y@hatena.ne.jp,,Female
216,Chrisse,Kirman,ckirman5z@irs.gov,87353027630,Male
217,Yancy,Bellon,,56931840672,Male
218,Avictor,Bratcher,abratcher61@webeden.co.uk,83243555280,Male
219,Tremaine,Gaylord,tgaylord62@java.com,80092745953,Male
220,Kellsie,Petrushkevich,,70626553502,Female
221,Kizzie,Kingdon,kkingdon64@uol.com.br,20580060599,Female
222,Benedikta,Pogson,bpogson65@admin.ch,20879511430,Female
223,Luise,Ninnotti,lninnotti66@webs.com,70191879345,Female
224,Saunders,Saer,ssaer67@hao123.com,56905274677,Agender
225,Clarke,Dufaur,cdufaur68@princeton.edu,15144181031,Male
226,Pet,Rae,prae69@comcast.net,13180462444,Female
227,Lucas,Quinet,lquinet6a@house.gov,,Male
228,Vaclav,Ahearne,vahearne6b@ca.gov,55659463011,Male
229,Issy,Strawbridge,istrawbridge6c@yolasite.com,,Female
230,Sharlene,Jirzik,sjirzik6d@studiopress.com,12762910128,Female
231,Adriane,Glacken,aglacken6e@hostgator.com,17256834783,Female
232,Alfi,Farrah,,,Female
233,Bibbye,Riccardo,,10888328543,Female
234,Tina,Caban,tcaban6h@mapy.cz,93109782232,Female
235,Fleurette,Jeanes,,41289591690,Genderqueer
236,Baldwin,Farndell,,18398432514,Non-binary
237,Weider,Djokovic,wdjokovic6k@msu.edu,,Male
238,Delia,Beddingham,dbeddingham6l@hubpages.com,29291688600,Female
239,Livia,Pressland,lpressland6m@timesonline.co.uk,88512529134,Female
240,Rudolfo,Sandys,rsandys6n@vimeo.com,97560008032,Male
241,Chrotoem,Cressingham,ccressingham6o@house.gov,,Male
242,Sterling,Craigheid,scraigheid6p@hhs.gov,14016978664,Male
243,Harlin,Malloy,hmalloy6q@blogs.com,77502799221,Male
244,Sam,Witter,,80985300374,Male
245,Natty,Gallemore,,24983392270,Female
246,Jemmie,Brunsen,jbrunsen6t@bloomberg.com,46377052085,Female
247,Monique,Haistwell,,26335362062,Female
248,Reider,Roels,rroels6v@gizmodo.com,87600453902,Male
249,Darbie,Woodland,dwoodland6w@paginegialle.it,23450726594,Female
250,Florri,Vaskov,fvaskov6x@hibu.com,79359629612,Female
251,Juanita,Di Baudi,jdibaudi6y@house.gov,18351918827,Female
252,Camille,Bewly,cbewly6z@paypal.com,58528874448,Female
253,Fowler,Andover,,72526012636,Male
254,Averyl,Jenman,ajenman71@imageshack.us,18095839648,Female
255,Chiquita,Tanslie,ctanslie72@histats.com,,Female
256,Jermayne,De Meyer,jdemeyer73@moonfruit.com,12883912951,Agender
257,Dana,Fennick,dfennick74@ftc.gov,57026295661,Male
258,Bernice,McClure,,12670849140,Female
259,Selle,McQuaide,smcquaide76@cam.ac.uk,86705719917,Female
260,Erny,Troy,etroy77@woothemes.com,29106578008,Male
261,Pearl,Glassman,pglassman78@phpbb.com,78809229162,Female
262,Neilla,Deetlof,ndeetlof79@sakura.ne.jp,13819290206,Female
263,Dehlia,McAster,dmcaster7a@qq.com,41871370640,Female
264,Allyn,Benedick,abenedick7b@europa.eu,87652218765,Polygender
265,Eugene,Husselbee,ehusselbee7c@soundcloud.com,36020674472,Male
266,Herb,Jagiello,hjagiello7d@toplist.cz,80273634758,Male
267,Colene,Snaddin,csnaddin7e@fema.gov,59699863664,Female
268,Hew,Wooderson,hwooderson7f@dailymail.co.uk,99166549796,Male
269,Cordelia,Durrett,cdurrett7g@amazon.co.jp,29757253379,Female
270,Hesther,Longstreeth,hlongstreeth7h@japanpost.jp,,Genderfluid
271,Eberto,Mawford,emawford7i@live.com,57290708503,Male
272,Jimmy,Nobbs,jnobbs7j@unblog.fr,57081580827,Male
273,Kissee,Chesnut,,,Female
274,Hersh,Lanon,,72975026081,Male
275,Myrna,Izhak,mizhak7m@booking.com,66526828962,Female
276,Jennilee,Delacourt,jdelacourt7n@etsy.com,22109861435,Female
277,Norene,Hurley,nhurley7o@vinaora.com,92498073544,Female
278,Ahmad,Worrall,,16545438417,Male
279,Glendon,Faunch,gfaunch7q@blog.com,19139041072,Agender
280,Frasquito,Tort,ftort7r@xrea.com,41300704949,Male
281,Boycie,Zannolli,bzannolli7s@ucoz.ru,59144416415,Male
282,Dunc,Roberts,droberts7t@intel.com,83794929923,Male
283,Fredek,Forkan,fforkan7u@hao123.com,69487342965,Male
284,Marnia,Maudett,,,Female
285,Luise,Treske,ltreske7w@house.gov,46925121939,Female
286,Oliver,Bontine,obontine7x@zdnet.com,99848229572,Male
287,Griffith,Huggett,ghuggett7y@furl.net,86213812827,Male
288,Grier,Tschiersch,,84622494669,Female
289,Farrel,Stickings,,45442975422,Male
290,Ainslee,Hess,ahess81@live.com,66888203859,Female
291,Von,Hatterslay,vhatterslay82@theguardian.com,19374352450,Male
292,Jessamine,Plail,,,Female
293,Riane,Blain,rblain84@ted.com,91520527058,Female
294,Wash,Hamlyn,whamlyn85@blogger.com,63473871270,Male
295,Gordy,Gavaghan,ggavaghan86@sciencedaily.com,68944891587,Male
296,Eduard,Grouer,egrouer87@cnbc.com,92158787072,Male
297,Henka,Burdass,hburdass88@amazon.co.jp,96730178865,Female
298,Rebe,Perott,rperott89@4shared.com,81641327616,Female
299,Gracie,Filtness,gfiltness8a@europa.eu,87907548833,Female
300,Emelina,Hackelton,,87831203625,Female
301,Stephine,Imort,simort8c@wiley.com,,Female
302,Riley,Zealy,rzealy8d@elegantthemes.com,80492352835,Polygender
303,Emelda,Miere,emiere8e@fda.gov,63679224783,Non-binary
304,Morris,Mowsdill,mmowsdill8f@bbb.org,70072978579,Male
305,Welsh,Tuckett,wtuckett8g@zdnet.com,19777244180,Male
306,Hildagarde,Coster,hcoster8h@bbb.org,56341309949,Female
307,Val,Barenski,vbarenski8i@aboutads.info,,Male
308,Lyle,Cussins,lcussins8j@studiopress.com,48678343476,Male
309,Tomi,Bone,tbone8k@cbc.ca,93922766694,Female
310,Damian,Dendle,ddendle8l@addtoany.com,51498175184,Male
311,Sigfried,Naldrett,snaldrett8m@typepad.com,11595082602,Male
312,Reta,Darrow,rdarrow8n@howstuffworks.com,86578502860,Female
313,Willy,Nund,wnund8o@dmoz.org,59199140482,Female
314,Harmonia,De Dei,hdedei8p@tinypic.com,25328955376,Female
315,Rosco,Whetson,rwhetson8q@pen.io,73804667087,Genderfluid
316,Oswald,Dunstall,odunstall8r@theatlantic.com,22846711576,Male
317,Boyd,Strathern,bstrathern8s@mail.ru,33628056256,Agender
318,Benedicto,Gornall,bgornall8t@mozilla.org,17506449368,Agender
319,Agata,Larwood,alarwood8u@google.com.hk,97832183855,Female
320,Evaleen,Ellerton,,55543745190,Female
321,Wait,Ragbourne,wragbourne8w@accuweather.com,26052110218,Male
322,Gladys,Boutwell,gboutwell8x@cdbaby.com,98056773522,Female
323,Darin,Sowte,dsowte8y@t-online.de,74582990085,Male
324,Cathy,Ortiga,cortiga8z@zimbio.com,88790994560,Polygender
325,Zenia,Finlayson,zfinlayson90@cnet.com,68319625663,Female
326,Baxy,Lambregts,blambregts91@e-recht24.de,19979858096,Male
327,Stanwood,Napolitano,snapolitano92@twitter.com,48296306894,Male
328,Liva,Ronan,,87713493732,Genderfluid
329,Andromache,O'Gormally,aogormally94@telegraph.co.uk,45463557659,Female
330,Ally,Leppard,aleppard95@vistaprint.com,,Female
331,Ferdy,Balston,fbalston96@usatoday.com,24857773409,Male
332,Andi,Tome,atome97@gnu.org,,Female
333,Brendin,Ligoe,bligoe98@360.cn,68836734704,Male
334,Rhett,Vatcher,rvatcher99@google.co.uk,,Male
335,Abdel,Cline,acline9a@ebay.com,,Male
336,Constancia,Spedroni,cspedroni9b@wunderground.com,77147670411,Female
337,Tessi,MacTrustram,tmactrustram9c@unblog.fr,,Female
338,Francesco,Cryer,fcryer9d@bigcartel.com,19823869468,Male
339,Robb,Bernocchi,rbernocchi9e@hud.gov,93991642367,Male
340,Daisie,Feron,dferon9f@studiopress.com,79535846964,Female
341,Tadd,Jonson,,17821440816,Male
342,Weber,Caccavella,wcaccavella9h@1und1.de,23662339736,Male
343,Marijn,O' Donohoe,modonohoe9i@globo.com,20882561873,Male
344,Mayor,Cay,mcay9j@timesonline.co.uk,69110412786,Male
345,Jeffry,Allawy,jallawy9k@shop-pro.jp,57972271401,Male
346,Lyndell,Jephcote,ljephcote9l@canalblog.com,49373471473,Female
347,Janella,Curtois,jcurtois9m@msu.edu,30737629461,Female
348,Lucine,Pareman,lpareman9n@mac.com,,Female
349,Gherardo,Pollock,gpollock9o@cbsnews.com,61508517695,Male
350,Charmaine,Pirdy,cpirdy9p@usatoday.com,93617539688,Female
351,Rodi,Ploughwright,rploughwright9q@google.com.br,23073590221,Female
352,Yard,Thormwell,ythormwell9r@cyberchimps.com,76882987399,Male
353,Linet,Willman,lwillman9s@newsvine.com,31697637814,Female
354,Micheline,Linnard,mlinnard9t@elegantthemes.com,71113873454,Bigender
355,Genevra,Lammerding,glammerding9u@tiny.cc,57109292835,Female
356,Mathe,Truter,mtruter9v@admin.ch,74746314907,Male
357,Sandor,Popping,spopping9w@admin.ch,36583219265,Male
358,Anitra,Yerlett,ayerlett9x@netscape.com,21897485369,Female
359,Blisse,Wardell,bwardell9y@opensource.org,27675661137,Female
360,Tisha,Caley,tcaley9z@trellian.com,75126697618,Female
361,Janith,Gillian,jgilliana0@imageshack.us,46255164742,Female
362,Judah,Giraux,jgirauxa1@homestead.com,76629059247,Male
363,Nicky,Kennea,nkenneaa2@youtu.be,55113602292,Male
364,Ignazio,Collerd,icollerda3@uol.com.br,19373327110,Male
365,Aaren,Shama,ashamaa4@google.fr,73044991373,Female
366,Emelina,Bangley,ebangleya5@webnode.com,13704305775,Female
367,Burt,Peacey,bpeaceya6@woothemes.com,,Male
368,Ernestus,Reiach,ereiacha7@mashable.com,67031741800,Male
369,Shane,Rambadt,srambadta8@merriam-webster.com,,Male
370,Immanuel,Karsh,ikarsha9@wired.com,58382921554,Male
371,Merrie,Wearing,mwearingaa@google.ru,16482408363,Female
372,Olenolin,Gable,ogableab@homestead.com,63779288442,Male
373,Selinda,Bacon,sbaconac@opensource.org,63957456178,Female
374,Gerry,Jeandin,gjeandinad@digg.com,58303888332,Male
375,Constance,Gothrup,cgothrupae@icq.com,73642225986,Female
376,Jase,Melbert,jmelbertaf@reddit.com,23535252447,Male
377,Amanda,Bollen,abollenag@trellian.com,62559397026,Female
378,Felicio,Duferie,fduferieah@globo.com,44176679424,Male
379,Tore,Power,tpowerai@sohu.com,48491301103,Male
380,Odey,Picott,opicottaj@indiatimes.com,48402016321,Polygender
381,Fransisco,Leel,fleelak@vkontakte.ru,91440116921,Male
382,Carolus,Chalcroft,cchalcroftal@flickr.com,14929522444,Male
383,Brandyn,Champneys,,86070600067,Male
384,Brook,MacAne,bmacanean@ehow.com,15462680087,Male
385,Hillyer,Ebrall,,97917185502,Male
386,Berne,Reinmar,breinmarap@yellowpages.com,,Male
387,Berty,Loggie,bloggieaq@nsw.gov.au,15651417763,Genderfluid
388,Ewan,Plues,,52746033009,Male
389,Emma,Dooman,edoomanas@hibu.com,22216047330,Female
390,Rafaela,Trosdall,rtrosdallat@shinystat.com,42742674898,Female
391,Rachelle,Mortimer,rmortimerau@storify.com,91475933536,Agender
392,Candi,Strangward,,74611616468,Female
393,Baillie,Troucher,btroucheraw@weebly.com,92993882688,Agender
394,Gwenni,Cowie,gcowieax@techcrunch.com,,Female
395,Enos,Franey,efraneyay@freewebs.com,24347829160,Male
396,Verena,Vedenyakin,,,Female
397,Malorie,Camblin,mcamblinb0@aboutads.info,56130859213,Female
398,Rodge,Shipway,rshipwayb1@mtv.com,33962747724,Male
399,Timmy,Cosins,tcosinsb2@wp.com,29811827644,Female
400,Cammie,MacFarlan,cmacfarlanb3@live.com,42161355507,Female
401,Blair,Ruslinge,,25398772240,Female
402,Manolo,Lilburne,mlilburneb5@hubpages.com,28115947296,Male
403,Adiana,Adamsen,,82905622297,Female
404,Dannie,Torry,dtorryb7@seesaa.net,94672964069,Female
405,Jillene,Rowston,jrowstonb8@constantcontact.com,51486002028,Female
406,June,Smidmor,jsmidmorb9@bluehost.com,87779437609,Female
407,Claudia,Oldridge,coldridgeba@psu.edu,38045529345,Female
408,Ody,Kamien,okamienbb@blogtalkradio.com,44200941817,Bigender
409,Ham,Gilhouley,hgilhouleybc@tripod.com,77635488647,Male
410,Benjamin,Brando,bbrandobd@bigcartel.com,27475357264,Male
411,Cliff,Brownjohn,,97580685938,Male
412,Odey,Bartlomieczak,obartlomieczakbf@acquirethisname.com,47960650164,Male
413,Torr,Sevitt,tsevittbg@ow.ly,83767423346,Male
414,Junette,Lemoir,jlemoirbh@businessinsider.com,31161164013,Female
415,Ertha,Philson,ephilsonbi@google.co.uk,12377944561,Female
416,Winnah,Goroni,wgoronibj@uiuc.edu,69283241093,Genderqueer
417,Maximilianus,Pampling,,85012822808,Male
418,Jamesy,Mityushkin,,17891307710,Male
419,Karla,Crammy,kcrammybm@joomla.org,,Female
420,Hersch,Danne,hdannebn@github.com,,Male
421,Nils,Jelf,njelfbo@businesswire.com,77089957102,Genderqueer
422,Ashby,McKintosh,amckintoshbp@sogou.com,47373600666,Male
423,Pincus,Ianno,piannobq@hatena.ne.jp,86748751263,Male
424,Gaylord,Spurier,gspurierbr@google.com,30070849318,Male
425,Deloris,Fair,dfairbs@ask.com,74265218922,Genderqueer
426,Kati,Champe,kchampebt@issuu.com,37221925205,Female
427,Zebedee,Flew,zflewbu@liveinternet.ru,31566890030,Male
428,Myranda,Brimilcombe,mbrimilcombebv@blog.com,,Female
429,Evan,Castagna,ecastagnabw@house.gov,19261737050,Male
430,Clementine,Whytock,cwhytockbx@csmonitor.com,47213607939,Female
431,Taffy,Meadley,tmeadleyby@angelfire.com,15988993833,Female
432,Karleen,Siflet,ksifletbz@europa.eu,96569115103,Female
433,Gilles,Shine,,49840264579,Male
434,Matilda,Beesley,mbeesleyc1@chron.com,22323743610,Female
435,Bax,Mew,bmewc2@myspace.com,80590043070,Male
436,Parsifal,Hourahan,phourahanc3@berkeley.edu,49593146362,Male
437,Hort,Gavaghan,,79807069570,Male
438,Sheff,Giovani,sgiovanic5@moonfruit.com,16430053951,Male
439,Emery,Bellham,ebellhamc6@google.com.hk,44510779082,Male
440,Erika,Keyes,ekeyesc7@chicagotribune.com,34008192619,Female
441,Leshia,Heinel,lheinelc8@oaic.gov.au,20998329238,Female
442,Ivory,Kirlin,ikirlinc9@bandcamp.com,41504793973,Female
443,Bailie,Bernardelli,,34974453600,Male
444,Stephine,Grinaugh,sgrinaughcb@so-net.ne.jp,61218535992,Female
445,Kerri,Mowsdale,kmowsdalecc@amazon.de,10439119926,Bigender
446,Theobald,Dimock,tdimockcd@narod.ru,33976803747,Male
447,Wells,Mundie,wmundiece@discovery.com,35986302183,Male
448,Marybeth,MacLure,mmaclurecf@wikimedia.org,78400861731,Non-binary
449,Upton,Phipp,,,Male
450,Darin,Kesten,,24229687294,Male
451,Xymenes,Ivachyov,,19314527790,Male
452,Cleavland,Hoodlass,choodlasscj@bbb.org,98936997871,Male
453,Diego,Mockes,dmockesck@weather.com,44700398379,Genderfluid
454,Arther,Auguste,aaugustecl@hp.com,11648087351,Male
455,Stanton,Note,snotecm@hp.com,,Male
456,Suzi,Tammadge,stammadgecn@tinyurl.com,18493969464,Female
457,Hurley,Spriggs,hspriggsco@engadget.com,,Male
458,Elfrieda,Collibear,,44940494545,Agender
459,Luz,Furse,lfursecq@epa.gov,14551535465,Female
460,Drusilla,Dubery,dduberycr@woothemes.com,89707474020,Female
461,Ebenezer,Jeannin,ejeannincs@wunderground.com,88199873233,Male
462,Ransell,Garrold,rgarroldct@wsj.com,62820736407,Male
463,Nelle,Haycraft,nhaycraftcu@google.nl,80058392318,Female
464,Dalia,Ferrarin,dferrarincv@imdb.com,10717795700,Female
465,Thorin,Gorry,tgorrycw@soup.io,17511926807,Male
466,Jo-anne,Dowers,jdowerscx@gmpg.org,71169761073,Female
467,Sigismund,Sepey,ssepeycy@artisteer.com,45935126331,Male
468,Wrennie,Westoff,wwestoffcz@surveymonkey.com,48406769516,Female
469,Eleanora,Kantor,ekantord0@barnesandnoble.com,43716674289,Female
470,Bidget,Filimore,bfilimored1@answers.com,69493483547,Female
471,Georgeanne,Nicolls,,91088181204,Female
472,Gabriela,Cavilla,gcavillad3@goo.ne.jp,57719625273,Polygender
473,Richy,Rosenbush,rrosenbushd4@scientificamerican.com,,Male
474,Suzanne,Cadalleder,,19751756838,Female
475,Philis,Gherardelli,pgherardellid6@squidoo.com,91439664796,Female
476,Aguste,Coney,aconeyd7@e-recht24.de,10191011018,Male
477,Alicea,Newstead,anewsteadd8@foxnews.com,96822797373,Female
478,Gwenette,Merrall,gmerralld9@springer.com,29586540432,Female
479,Alva,Gourlay,agourlayda@bizjournals.com,50546799987,Male
480,Jeanelle,Trafford,,38689433287,Polygender
481,Marthena,Lockie,mlockiedc@wired.com,52950675606,Female
482,Mattias,Gladdish,mgladdishdd@simplemachines.org,90363306950,Male
483,Amelina,Havile,ahavilede@microsoft.com,42749123270,Female
484,Thornton,Bleeze,,39659059612,Male
485,Hymie,Durdan,hdurdandg@discuz.net,37544567359,Male
486,Noland,Drever,ndreverdh@xinhuanet.com,98752600320,Male
487,Immanuel,Skilton,iskiltondi@globo.com,93931909251,Genderfluid
488,Ambrosio,Box,aboxdj@cafepress.com,65870353298,Genderfluid
489,Wallie,Giles,wgilesdk@merriam-webster.com,11434207725,Genderfluid
490,Nichols,Langshaw,nlangshawdl@un.org,32762430270,Male
491,Kizzie,Haldon,khaldondm@wp.com,73226091005,Female
492,Nat,Bucktharp,nbucktharpdn@tamu.edu,40606868894,Male
493,Kalie,Tolemache,ktolemachedo@uol.com.br,96841481722,Female
494,Elmore,Shewring,eshewringdp@spotify.com,95718939818,Male
495,Roderigo,Fazackerley,rfazackerleydq@t.co,12971695222,Male
496,Si,Hallatt,shallattdr@latimes.com,76258758837,Male
497,Allyn,Cicculini,acicculinids@forbes.com,35169815711,Male
498,Bron,Wooff,bwooffdt@youtu.be,76559581301,Male
499,Kipper,Tuffell,ktuffelldu@delicious.com,24242868644,Male
500,Fidelity,Sparks,fsparksdv@wp.com,99859211037,Female
501,Marielle,Roseburgh,mroseburghdw@mapy.cz,22312548803,Genderqueer
502,Joela,Sylett,jsylettdx@java.com,95326283520,Female
503,Hendrika,Cejka,hcejkady@nydailynews.com,54013937466,Female
504,Earl,Hellyer,ehellyerdz@elpais.com,96651927716,Male
505,Dominick,Cotgrave,dcotgravee0@seattletimes.com,37383943448,Male
506,Tarrah,Lynett,tlynette1@weebly.com,95204401647,Genderfluid
507,Graeme,Denidge,gdenidgee2@imdb.com,23791818542,Male
508,Rosalynd,Halewood,rhalewoode3@howstuffworks.com,75751478317,Bigender
509,Marlow,Beiderbecke,mbeiderbeckee4@miitbeian.gov.cn,85307645936,Male
510,Elianora,Boskell,eboskelle5@illinois.edu,33113212040,Non-binary
511,Gerardo,Leveritt,gleveritte6@irs.gov,14450004054,Male
512,Alexia,Mincher,,26091778864,Female
513,Haleigh,Zanre,hzanree8@flickr.com,93397511291,Male
514,Orly,Sturges,,90910052579,Female
515,Claus,Fullerton,cfullertonea@timesonline.co.uk,20750870216,Male
516,Alvan,Tofts,atoftseb@theatlantic.com,18239788636,Male
517,Guinevere,Graine,ggraineec@wikia.com,17617707886,Bigender
518,Christye,Yushkin,,90854716288,Female
519,Berenice,Gilding,bgildingee@addthis.com,85255939742,Female
520,Sayre,Neumann,sneumannef@hexun.com,93570349783,Male
521,Spike,Dumphreys,sdumphreyseg@godaddy.com,90676732544,Male
522,Tierney,Holah,tholaheh@bbb.org,75436532378,Female
523,Marigold,Croston,mcrostonei@clickbank.net,72795432423,Female
524,Hamlen,Cullabine,hcullabineej@deviantart.com,63671995429,Male
525,Bruno,Plumb,bplumbek@topsy.com,37661643683,Male
526,Stacia,Herche,shercheel@weather.com,98261280547,Genderqueer
527,Donnie,Rudram,drudramem@admin.ch,33028828696,Female
528,Mina,Elsdon,melsdonen@chicagotribune.com,85127171648,Female
529,Kristofor,De Ortega,kdeortegaeo@merriam-webster.com,63435777141,Male
530,Laura,Glossop,lglossopep@cnet.com,98961341025,Female
531,Kristin,Senter,ksentereq@indiegogo.com,58766662073,Female
532,Colan,Beviss,cbevisser@oaic.gov.au,,Male
533,Tobin,St Leger,tstlegeres@sun.com,45676364301,Male
534,Gan,Wardrope,,85059565403,Male
535,Bel,Barley,bbarleyeu@ow.ly,87678199046,Female
536,Selina,Chaudron,,,Genderqueer
537,Piper,Kleinberer,pkleinbererew@google.nl,55742469475,Female
538,Hersh,Conneau,hconneauex@devhub.com,67133366470,Male
539,Gustav,Kezar,gkezarey@netlog.com,76927784065,Bigender
540,Stanfield,Licence,slicenceez@taobao.com,34542861620,Male
541,Chick,Matej,cmatejf0@newyorker.com,98428519393,Male
542,Derk,Allder,dallderf1@privacy.gov.au,13106857903,Male
543,Loree,Yousef,lyouseff2@amazon.co.uk,68682677150,Female
544,Eustacia,Snaith,esnaithf3@scientificamerican.com,71937472037,Female
545,Clay,Lidstone,clidstonef4@cloudflare.com,56976396580,Male
546,Prince,Belden,pbeldenf5@friendfeed.com,75881313099,Male
547,Cordie,Fancott,cfancottf6@si.edu,38850487722,Male
548,Chad,Hamlin,chamlinf7@moonfruit.com,87663681898,Male
549,Rona,Nott,rnottf8@census.gov,79944319115,Female
550,Malcolm,Havick,mhavickf9@google.ru,21085681019,Agender
551,Bale,Blomfield,bblomfieldfa@cargocollective.com,32531791966,Male
552,Berk,Twaits,btwaitsfb@livejournal.com,22211793946,Male
553,Vevay,Grafton,vgraftonfc@alibaba.com,82468466562,Female
554,Beret,Winks,,32667818338,Agender
555,Matthus,Praundlin,mpraundlinfe@gizmodo.com,96797104711,Male
556,Celestia,Molfino,cmolfinoff@whitehouse.gov,42521006191,Female
557,Doreen,Ummfrey,dummfreyfg@hexun.com,37420356707,Female
558,Rod,Castro,rcastrofh@t.co,60995375451,Non-binary
559,Fonz,Blesing,fblesingfi@thetimes.co.uk,42511120134,Male
560,Sanford,Earengey,,42528940807,Male
561,Arthur,Durtnel,adurtnelfk@netlog.com,,Male
562,Gunner,Soall,gsoallfl@tinyurl.com,75731143585,Male
563,Anetta,Nestoruk,anestorukfm@businesswire.com,39173413001,Female
564,Ethyl,Ash,eashfn@patch.com,64532555232,Female
565,Traci,O'Hannen,tohannenfo@admin.ch,55195791090,Female
566,Sharla,Summerson,ssummersonfp@amazonaws.com,58101699696,Female
567,Serena,Bascomb,sbascombfq@springer.com,56208784974,Female
568,Bail,Pennicard,bpennicardfr@paypal.com,53952271579,Male
569,Edie,Restorick,erestorickfs@e-recht24.de,30286672489,Female
570,Diahann,McMeyler,dmcmeylerft@a8.net,88634217277,Bigender
571,Jerry,Chudleigh,jchudleighfu@4shared.com,26721478381,Female
572,Baudoin,Creeber,bcreeberfv@narod.ru,76652703013,Male
573,Dimitri,Blackhurst,,32867461101,Male
574,Guntar,Peach,gpeachfx@freewebs.com,97161007692,Male
575,Elonore,Huggen,ehuggenfy@ucoz.com,84342727515,Female
576,Mil,Phippard,,49154991032,Female
577,Kippy,Philbrook,kphilbrookg0@miibeian.gov.cn,12946582440,Male
578,Cyrus,Wallis,cwallisg1@bigcartel.com,30446616010,Male
579,Joellyn,Bodd,jboddg2@usnews.com,29228293087,Female
580,Agna,Fearn,afearng3@webeden.co.uk,,Female
581,Torey,Coppens,tcoppensg4@yellowpages.com,82359855189,Female
582,Ava,Sprigin,aspriging5@nsw.gov.au,31597654405,Female
583,Maxie,Youhill,myouhillg6@arstechnica.com,,Male
584,Olav,Gaggen,ogaggeng7@example.com,18016036699,Male
585,Lester,Daton,ldatong8@comsenz.com,41201867101,Male
586,Esme,Sadgrove,esadgroveg9@harvard.edu,29751171636,Male
587,Gerhardt,Hearst,ghearstga@people.com.cn,82821052864,Male
588,Stu,Assad,sassadgb@webs.com,51095273524,Male
589,Tobe,Mirrlees,tmirrleesgc@artisteer.com,63189658723,Male
590,Shayne,Crossley,scrossleygd@shutterfly.com,87281233948,Male
591,Joshia,Wilce,jwilcege@ed.gov,75565788143,Male
592,Freedman,Gadman,fgadmangf@forbes.com,82734392102,Male
593,Ashlin,Somerset,asomersetgg@rakuten.co.jp,48702220567,Male
594,Sherwin,Jorck,sjorckgh@google.com.hk,48577532135,Male
595,Markos,Gile,mgilegi@about.me,67293850335,Male
596,Douglass,Dominicacci,ddominicaccigj@arizona.edu,23875850938,Male
597,Lea,Philp,lphilpgk@loc.gov,30700251550,Female
598,Dimitri,Ianiello,dianiellogl@upenn.edu,53475503265,Male
599,Berenice,Quadrio,bquadriogm@ebay.com,40323191818,Female
600,Oralie,Waldie,owaldiegn@cmu.edu,27462997646,Female
601,Odell,O'Cannan,oocannango@mlb.com,71526908241,Polygender
602,Temp,Dalston,tdalstongp@ow.ly,98387372433,Male
603,Rosella,Dellar,rdellargq@altervista.org,,Female
604,Goddard,Viollet,gviolletgr@sourceforge.net,92766989112,Male
605,Alisun,Clarey,aclareygs@cam.ac.uk,75020401484,Female
606,Jen,Ettels,,68809820730,Female
607,Giorgi,Petyt,gpetytgu@ovh.net,68254831481,Male
608,Reagen,Rooze,rroozegv@nifty.com,91710354790,Male
609,Dominik,Dearl,ddearlgw@ca.gov,64463868030,Male
610,Kali,Pond-Jones,kpondjonesgx@cbc.ca,91972680589,Female
611,Arabele,Woolager,awoolagergy@opera.com,65181143220,Female
612,Sherlocke,Warrender,swarrendergz@independent.co.uk,41283872807,Male
613,Kim,Kareman,kkaremanh0@youku.com,33912802307,Male
614,Bartolemo,Olech,bolechh1@unicef.org,97770946364,Male
615,Lilly,Radolf,lradolfh2@meetup.com,82114558175,Female
616,Laurie,Whetnall,,62052114410,Female
617,Silvain,Nashe,,97721986819,Male
618,Rena,Greenhall,,54034495349,Female
619,Hulda,Greedy,hgreedyh6@desdev.cn,75350532886,Female
620,Hannah,Santarelli,hsantarellih7@liveinternet.ru,92951881670,Female
621,Rudyard,Blanden,rblandenh8@vinaora.com,58647177431,Male
622,Randy,Radmer,rradmerh9@constantcontact.com,28903422074,Male
623,Jethro,Dahlback,jdahlbackha@baidu.com,70253970423,Male
624,Tobye,Guilbert,tguilberthb@mtv.com,97222557438,Female
625,Harman,Nelius,,20057714972,Male
626,Hadlee,Wigelsworth,hwigelsworthhd@vk.com,55138731646,Male
627,Gretel,Levis,glevishe@google.fr,41168040786,Female
628,Kristopher,Boyde,kboydehf@nps.gov,55979932969,Genderfluid
629,Bill,MacNeely,bmacneelyhg@4shared.com,62800208131,Female
630,Goldi,Jovis,gjovishh@topsy.com,16960475750,Bigender
631,Alexio,Highton,ahightonhi@gravatar.com,73025272137,Male
632,Chastity,Mountney,,48216060216,Female
633,Bennie,Hadcock,bhadcockhk@topsy.com,56481684822,Female
634,Renaldo,Lodden,rloddenhl@comsenz.com,28637597713,Male
635,Stace,Gadeaux,sgadeauxhm@nyu.edu,,Female
636,Richardo,Deville,rdevillehn@deviantart.com,82716278828,Male
637,Towney,Lippitt,tlippittho@stumbleupon.com,85765888553,Male
638,August,Drinan,adrinanhp@admin.ch,93807304798,Male
639,Rena,De Mitris,rdemitrishq@deliciousdays.com,,Female
640,Peterus,Bollon,pbollonhr@boston.com,40156007027,Male
641,Devora,Ovey,doveyhs@freewebs.com,90980521377,Female
642,Lonna,Panichelli,lpanichelliht@elpais.com,72047129850,Female
643,Inness,Wackett,iwacketthu@nytimes.com,16628885907,Male
644,Julietta,Iskov,jiskovhv@nytimes.com,81545612048,Female
645,Samson,Collar,scollarhw@shop-pro.jp,41643188627,Male
646,Jasun,Lamplough,jlamploughhx@springer.com,57861750609,Male
647,Guy,Ottawell,,77212151734,Male
648,Deva,Lehr,dlehrhz@sina.com.cn,68122373373,Female
649,Gigi,Rolfs,grolfsi0@macromedia.com,,Female
650,Sephira,O'Corrigane,socorriganei1@yelp.com,,Female
651,Lisbeth,Botterell,,49052336774,Female
652,Brewster,Ginglell,bginglelli3@hibu.com,47090152768,Male
653,Elijah,Smalls,esmallsi4@tripadvisor.com,90284276677,Male
654,Nealson,Kee,nkeei5@weather.com,60876946519,Male
655,Sergeant,Simenot,ssimenoti6@sbwire.com,37095745975,Male
656,Woody,Wiley,wwileyi7@drupal.org,53322106414,Male
657,Flemming,Bess,fbessi8@moonfruit.com,80915017351,Male
658,Jerrie,Leaman,jleamani9@phoca.cz,58924191259,Male
659,Chrissie,Screach,cscreachia@smugmug.com,60876925425,Male
660,Selig,Wehden,swehdenib@mashable.com,63382719798,Male
661,Cece,Payle,cpayleic@jiathis.com,92808997367,Male
662,Patti,Castilljo,pcastilljoid@icio.us,87086412901,Female
663,Ursulina,Robbins,urobbinsie@moonfruit.com,14569849958,Female
664,Babs,Fleis,bfleisif@oaic.gov.au,96873983605,Female
665,Keslie,Bridge,kbridgeig@foxnews.com,86879233849,Female
666,Norton,Tomanek,ntomanekih@cam.ac.uk,34095630156,Male
667,Antonella,Cornick,acornickii@i2i.jp,22755162120,Female
668,Ripley,Bausmann,rbausmannij@apple.com,78327932805,Male
669,Aurelia,Malam,amalamik@jigsy.com,67860520987,Genderqueer
670,Emalee,Merrikin,emerrikinil@furl.net,71746492886,Female
671,Clarance,Moyes,cmoyesim@nyu.edu,64277248109,Male
672,Karine,Foulds,kfouldsin@wikispaces.com,77602231153,Female
673,Tally,Schall,tschallio@amazon.com,49845292483,Female
674,Silvester,MacMearty,smacmeartyip@samsung.com,,Male
675,Templeton,Lempel,tlempeliq@google.nl,85226416685,Male
676,Opalina,Schankel,oschankelir@freewebs.com,,Female
677,Beauregard,Braferton,bbrafertonis@nba.com,17912395082,Male
678,Garrard,Howden,ghowdenit@blogs.com,37868780604,Male
679,Lew,Aherne,laherneiu@edublogs.org,54645253381,Male
680,Clerkclaude,Tomaszczyk,ctomaszczykiv@cisco.com,43845210083,Male
681,Constanta,Royl,croyliw@arstechnica.com,46742794895,Female
682,Burr,Flaverty,bflavertyix@cdc.gov,53781288346,Male
683,Lillian,Perello,lperelloiy@myspace.com,12367338560,Female
684,Florie,Manssuer,,25037628746,Female
685,Chrissie,Worsfold,cworsfoldj0@example.com,52450000994,Female
686,Leonidas,Clappison,lclappisonj1@yahoo.co.jp,76620763212,Male
687,Eugene,Timms,etimmsj2@51.la,99508260582,Male
688,Donnie,Jeannet,djeannetj3@java.com,68299161339,Male
689,Boony,Dreger,bdregerj4@youku.com,33194400316,Male
690,Cad,Flockhart,,58522400977,Male
691,Courtney,McCerery,cmccereryj6@cbc.ca,63497550278,Male
692,Adara,McNicol,amcnicolj7@virginia.edu,59980642076,Genderqueer
693,Muffin,De Ferrari,mdeferrarij8@moonfruit.com,94655212793,Female
694,Kane,Rambadt,krambadtj9@msn.com,15375184517,Male
695,Loutitia,Onraet,lonraetja@deviantart.com,17976758649,Female
696,Mischa,Collymore,mcollymorejb@princeton.edu,58218437810,Male
697,Briny,Rotham,brothamjc@discuz.net,,Female
698,Sheppard,Nutbrown,snutbrownjd@mozilla.com,93394085369,Male
699,Kissee,Dodsworth,kdodsworthje@smh.com.au,74949656758,Female
700,Coleen,Gerriets,cgerrietsjf@tmall.com,74511789840,Female
701,Judith,Seamen,jseamenjg@vinaora.com,85615950544,Female
702,Renard,Mowat,rmowatjh@epa.gov,94300418883,Male
703,Anabella,Copland,acoplandji@scribd.com,54031017835,Female
704,Raymund,Haitlie,,14411260534,Male
705,Jeni,Killwick,,20322404073,Female
706,Luciano,Macey,lmaceyjl@washington.edu,,Non-binary
707,Giraud,Samms,gsammsjm@senate.gov,15596997087,Male
708,Anatola,Danby,adanbyjn@parallels.com,25816118122,Female
709,Norry,Siebert,nsiebertjo@sphinn.com,76903716277,Male
710,Gannie,Lisamore,,98847542675,Male
711,Jarret,Ghidetti,jghidettijq@newsvine.com,88193299007,Male
712,Aymer,Choudhury,achoudhuryjr@multiply.com,19317801251,Male
713,Tallulah,Biddulph,tbiddulphjs@godaddy.com,33345579484,Female
714,Enoch,Kment,ekmentjt@twitpic.com,94934966691,Male
715,Melanie,Grishukhin,mgrishukhinju@gmpg.org,62437304166,Female
716,Terrijo,Ilyunin,,33784240068,Female
717,Ripley,Husby,rhusbyjw@unc.edu,57768666751,Male
718,Whitney,Lanbertoni,wlanbertonijx@wp.com,,Female
719,Rebekah,Gallihaulk,rgallihaulkjy@princeton.edu,39157870474,Female
720,Clarence,McCormack,cmccormackjz@google.co.jp,95887680324,Male
721,Fenelia,Rentenbeck,frentenbeckk0@nytimes.com,23751181069,Female
722,Gilbertine,Leve,glevek1@pcworld.com,47789986216,Female
723,Nester,Riddall,nriddallk2@abc.net.au,53149078638,Male
724,Nerta,Munby,,19334969925,Female
725,Giordano,Betz,gbetzk4@furl.net,,Male
726,Lion,Shillingford,lshillingfordk5@drupal.org,52551479521,Polygender
727,Candie,Verty,cvertyk6@flickr.com,,Female
728,Feliks,Horning,fhorningk7@wsj.com,96085671802,Male
729,Aylmer,Standish,astandishk8@google.pl,92174808873,Male
730,Wyndham,Overbury,,,Male
731,Man,Manifould,mmanifouldka@cornell.edu,20736898698,Male
732,Brigid,Budget,bbudgetkb@jalbum.net,29914303279,Female
733,Elwin,Bleiman,ebleimankc@hostgator.com,24326232999,Male
734,Fredi,Emmert,femmertkd@woothemes.com,35496003314,Female
735,Gustavus,Windows,gwindowske@aboutads.info,,Male
736,Fritz,Graffin,fgraffinkf@google.it,15074168527,Male
737,Gladi,Penniell,gpenniellkg@economist.com,,Female
738,Franz,Vereker,fverekerkh@geocities.com,,Male
739,Noe,Gillison,,37637430810,Male
740,Renado,Peart,rpeartkj@desdev.cn,39576948243,Male
741,Karalee,Twiddell,ktwiddellkk@tripod.com,42900158530,Genderqueer
742,Kassie,O' Neligan,koneligankl@dell.com,88712244414,Female
743,Sanderson,O' Bee,sobeekm@pagesperso-orange.fr,39319421628,Male
744,Karlee,Matzke,kmatzkekn@printfriendly.com,11755279523,Female
745,Robinson,Kings,rkingsko@tripadvisor.com,69969402292,Non-binary
746,Ethe,Dimitrie,,90645494206,Male
747,Kalila,Attenburrow,kattenburrowkq@phpbb.com,53157323805,Female
748,Dane,Deans,ddeanskr@upenn.edu,98735178949,Male
749,Rowen,Donson,rdonsonks@lycos.com,47578871924,Male
750,Manda,Kern,mkernkt@archive.org,46133114810,Female
751,Locke,Mabee,,42972677177,Male
752,Melinde,Posten,mpostenkv@so-net.ne.jp,47062723555,Female
753,De,Ronald,dronaldkw@deliciousdays.com,87011503531,Female
754,Colver,Tessier,ctessierkx@usgs.gov,12139884033,Male
755,Alyosha,Townsend,atownsendky@usnews.com,51239610055,Male
756,Madel,Collacombe,,88185379104,Female
757,Clemente,Etheridge,cetheridgel0@opera.com,,Male
758,Susannah,Rosedale,srosedalel1@soundcloud.com,31025361011,Female
759,Mead,Bossel,mbossell2@360.cn,66716940752,Male
760,Jamill,Missington,jmissingtonl3@addthis.com,37015448436,Male
761,Lutero,Hradsky,lhradskyl4@cbc.ca,78748540905,Polygender
762,Paquito,Rickard,prickardl5@imdb.com,14099441430,Genderfluid
763,Mord,Laugharne,mlaugharnel6@sogou.com,46781746692,Male
764,Webb,Scollick,wscollickl7@epa.gov,72472068038,Male
765,Ingeberg,Broadley,ibroadleyl8@wikimedia.org,75399411347,Polygender
766,Farand,Bartolomivis,fbartolomivisl9@cafepress.com,85297548106,Female
767,Jarrad,Brocking,jbrockingla@columbia.edu,92080923915,Male
768,Katine,Pahl,kpahllb@sfgate.com,75996063827,Female
769,Giovanni,McNutt,gmcnuttlc@gravatar.com,33860516680,Male
770,Vinnie,Gerrit,vgerritld@360.cn,28023990439,Female
771,Gauthier,Postance,gpostancele@parallels.com,88901265043,Male
772,Yovonnda,Brennand,ybrennandlf@xinhuanet.com,89510992224,Female
773,Vladamir,Hedgeley,vhedgeleylg@google.com.br,28211661925,Male
774,Barnie,Lanham,blanhamlh@fda.gov,95143702309,Male
775,Lodovico,Plan,lplanli@dot.gov,26505888011,Male
776,Mirelle,Bly,mblylj@discovery.com,39285469222,Female
777,Cristobal,Sadler,csadlerlk@mapy.cz,63538559006,Genderfluid
778,Any,Drinkale,adrinkalell@constantcontact.com,56927434102,Male
779,Gordon,Peyro,gpeyrolm@apache.org,77014737839,Male
780,Ebeneser,Capron,ecapronln@noaa.gov,,Male
781,Leilah,Pritty,lprittylo@sciencedaily.com,,Female
782,Stephen,Waistell,swaistelllp@amazonaws.com,76280962022,Male
783,Natale,Exelby,nexelbylq@people.com.cn,,Male
784,Prentice,Skoggins,pskogginslr@ihg.com,75460105034,Male
785,Bobbe,Eake,beakels@meetup.com,68890896902,Female
786,Isis,Airds,iairdslt@princeton.edu,10013639430,Female
787,Ailsun,Baugham,abaughamlu@vistaprint.com,19621091577,Polygender
788,Madeline,Kitcherside,,84314073946,Female
789,Yorgos,Clackers,yclackerslw@xinhuanet.com,59384772786,Male
790,Sylvan,Dugget,,91362159274,Male
791,Joelie,Crayk,jcraykly@sina.com.cn,40760211545,Female
792,Ashleigh,St. Leger,,92697390382,Non-binary
793,Lisetta,Kytley,lkytleym0@bizjournals.com,38168641601,Female
794,Arturo,Buist,abuistm1@alibaba.com,47522201876,Male
795,Leigha,Nield,,37106853324,Female
796,Jaquelyn,Buckleigh,jbuckleighm3@google.de,64018222634,Female
797,Kilian,Edmeads,,43193330207,Male
798,Ogdon,Shelliday,oshellidaym5@toplist.cz,,Male
799,Isa,Gittings,igittingsm6@dropbox.com,10144112932,Female
800,Berri,Gumey,bgumeym7@purevolume.com,44247094219,Female
801,Sonni,Alejo,salejom8@facebook.com,38820262227,Female
802,Viola,Mityushin,vmityushinm9@usda.gov,72340170471,Female
803,Morton,Bolden,mboldenma@home.pl,47625890643,Male
804,Gussy,O'Corrane,gocorranemb@topsy.com,65049001753,Female
805,Cathryn,McCreath,cmccreathmc@google.it,48444245645,Female
806,Juliette,Hutchin,jhutchinmd@shareasale.com,43132979331,Female
807,Babs,Naisey,bnaiseyme@bravesites.com,94595775218,Female
808,Gage,Battams,gbattamsmf@squarespace.com,84381597261,Male
809,Frederico,Bruno,fbrunomg@dagondesign.com,72291313938,Male
810,Vally,Coltart,,28283383657,Female
811,Tabatha,Nuzzti,tnuzztimi@godaddy.com,74694995972,Female
812,Fergus,Ray,,89156874714,Male
813,Christophe,Plumer,cplumermk@google.co.uk,16940142003,Male
814,Laural,Dillingston,ldillingstonml@bbc.co.uk,42174827622,Female
815,Curt,Mayer,cmayermm@marriott.com,29919419506,Polygender
816,Collin,Lett,clettmn@usnews.com,81287212627,Genderfluid
817,Will,Strutton,wstruttonmo@prweb.com,79010791872,Male
818,Tim,Bohling,tbohlingmp@wikispaces.com,37648626578,Female
819,Theo,Trewhela,ttrewhelamq@howstuffworks.com,17085365618,Female
820,Marcille,Trainor,mtrainormr@myspace.com,23150565389,Female
821,Teresa,Margrett,tmargrettms@163.com,34549740968,Female
822,Fran,Iacovielli,fiacoviellimt@e-recht24.de,26594079443,Genderfluid
823,Jack,Semered,jsemeredmu@ezinearticles.com,10625811466,Male
824,Fields,Bartholomaus,,14241771671,Agender
825,Finley,Stephens,fstephensmw@toplist.cz,80362246565,Male
826,Fred,Androletti,fandrolettimx@artisteer.com,81724916208,Female
827,Tomkin,Carlsen,tcarlsenmy@sakura.ne.jp,62427234730,Male
828,Marcellus,Conford,mconfordmz@scribd.com,,Male
829,Osmond,Renak,orenakn0@opensource.org,35357637576,Male
830,Normy,Jakaway,njakawayn1@goo.ne.jp,52663707920,Male
831,Lucien,Radnage,,16426887088,Male
832,Mohandis,Semkins,msemkinsn3@acquirethisname.com,47489035498,Male
833,Collin,Dinjes,,49406318515,Male
834,Clark,Gillions,,69685986551,Polygender
835,Kamila,Lewington,klewingtonn6@etsy.com,79276929761,Female
836,Alyss,Janusz,ajanuszn7@bloglines.com,41133914950,Female
837,Bill,Moors,bmoorsn8@merriam-webster.com,68304936006,Female
838,Georgeanna,Lamartine,glamartinen9@freewebs.com,77795524220,Female
839,Hobard,Chritchlow,,64523616931,Male
840,Baily,Danielou,bdanielounb@wufoo.com,,Male
841,Marty,Quakley,mquakleync@qq.com,44634127346,Non-binary
842,Cammy,Brozek,cbrozeknd@ibm.com,54729962956,Male
843,Reyna,Atwill,ratwillne@cbslocal.com,,Female
844,Laurie,Setchell,lsetchellnf@marketwatch.com,50611304491,Male
845,Ashli,Casperri,,73840924047,Female
846,Randene,Millichap,rmillichapnh@comcast.net,73016261756,Female
847,Bradford,Barrass,,78476097985,Male
848,Storm,Cotes,scotesnj@merriam-webster.com,74104301079,Female
849,Emylee,McFadzean,emcfadzeannk@163.com,20970740263,Female
850,Lanni,Baversor,,50866487800,Female
851,Wang,Greatham,wgreathamnm@washingtonpost.com,,Male
852,Andeee,Urling,aurlingnn@vk.com,67787610765,Female
853,Cassondra,Denton,cdentonno@google.ru,75279061941,Female
854,Chlo,Clare,cclarenp@ow.ly,99022129107,Female
855,Inesita,Nice,inicenq@cdbaby.com,46499025776,Genderqueer
856,Stormie,Stell,sstellnr@fda.gov,78944246825,Female
857,Farrand,Bundey,fbundeyns@alexa.com,60950537366,Female
858,Giraud,Beddingham,gbeddinghamnt@drupal.org,19477439219,Male
859,Elbert,De Brett,edebrettnu@si.edu,15659250092,Male
860,Nicoli,Placstone,nplacstonenv@huffingtonpost.com,70724674500,Female
861,Ethelyn,Paddle,epaddlenw@ning.com,71203428909,Female
862,Salvidor,Swanborough,sswanboroughnx@europa.eu,56616454891,Male
863,Galvin,Froment,gfromentny@un.org,75291301507,Male
864,Wendell,O'Hederscoll,wohederscollnz@chicagotribune.com,38865054059,Male
865,Mollee,Nucciotti,,15664173174,Female
866,Marion,Garber,mgarbero1@mac.com,78698305694,Genderqueer
867,Marion,Rubroe,mrubroeo2@google.cn,67213901561,Female
868,Patrice,Gowers,pgowerso3@quantcast.com,96049493499,Female
869,Iorgos,Headech,iheadecho4@phpbb.com,43660584828,Male
870,Llewellyn,Firpo,lfirpoo5@unesco.org,13400596514,Male
871,Hymie,Hayhurst,hhayhursto6@chronoengine.com,79109691957,Male
872,Tomi,Nickolls,,72816452747,Female
873,Gerhard,Brasse,gbrasseo8@drupal.org,47635320509,Male
874,Adler,Rosterne,arosterneo9@theguardian.com,83579341971,Male
875,Granger,Timblett,gtimblettoa@github.com,85634423382,Male
876,Ashlin,Casoni,acasoniob@qq.com,28298050002,Male
877,Cori,Shenley,cshenleyoc@smh.com.au,58797497724,Male
878,Pacorro,Landall,plandallod@usnews.com,96912735589,Agender
879,Emmit,Jackes,ejackesoe@blogger.com,73309371899,Male
880,Kelbee,Taks,ktaksof@stanford.edu,,Male
881,Bailey,Wehnerr,bwehnerrog@columbia.edu,88072974891,Male
882,Coralie,Babber,cbabberoh@last.fm,,Female
883,Marlena,Weepers,mweepersoi@gravatar.com,86931619846,Female
884,Martie,Grosier,mgrosieroj@blogtalkradio.com,21104038223,Male
885,Bernete,Tidbold,btidboldok@engadget.com,55239794633,Female
886,Andriana,Conrad,aconradol@vimeo.com,82203542453,Female
887,Cesare,Larcier,clarcierom@twitter.com,21574375498,Male
888,Kile,Koubek,kkoubekon@tumblr.com,38048705554,Male
889,Frieda,Cusworth,fcusworthoo@devhub.com,47252021253,Female
890,Phillip,Farady,pfaradyop@fda.gov,56685963773,Male
891,Omero,Lohering,oloheringoq@dell.com,46705855657,Male
892,Manny,Welford,,89998510271,Male
893,Lacie,Cominoli,lcominolios@goodreads.com,62207188778,Female
894,Homerus,Creegan,,25867459072,Male
895,Corliss,Popham,cpophamou@goo.ne.jp,12556019990,Female
896,Barnabe,Fydoe,bfydoeov@fastcompany.com,63312444193,Male
897,Raphaela,Oneill,roneillow@live.com,50217400677,Female
898,Melesa,Girardetti,mgirardettiox@craigslist.org,13991077158,Female
899,Holly-anne,McGillivray,hmcgillivrayoy@columbia.edu,60778882808,Female
900,Jordanna,Withrington,,47487254665,Female
901,Darcey,Boyda,dboydap0@arizona.edu,90529966833,Female
902,Ardys,Dudhill,adudhillp1@google.pl,19533553123,Female
903,Elayne,Bresson,ebressonp2@canalblog.com,58255970964,Female
904,Maxy,Antonsen,mantonsenp3@un.org,83375436552,Non-binary
905,Jarvis,Cafferty,jcaffertyp4@google.ca,73246299381,Male
906,Rakel,Ephgrave,rephgravep5@newsvine.com,71666164841,Female
907,Rosanna,Biddulph,rbiddulphp6@plala.or.jp,40111304046,Female
908,Kaiser,Samples,,83008198284,Male
909,Jennifer,Rickford,jrickfordp8@comsenz.com,78968962660,Female
910,Amy,Blount,ablountp9@goo.gl,78391072032,Female
911,Stillmann,Bamford,sbamfordpa@nyu.edu,51987791801,Male
912,Bev,Lakeman,,18766555111,Female
913,Hyacinthia,Christy,hchristypc@amazon.de,93402192940,Female
914,Wallas,Newvell,wnewvellpd@harvard.edu,25388757236,Male
915,Zollie,Doig,zdoigpe@bloglines.com,10995014358,Male
916,Michel,McKinie,,97276315472,Female
917,Barty,Stratley,bstratleypg@berkeley.edu,26829372281,Male
918,Gaile,Rampton,gramptonph@typepad.com,81108349760,Male
919,Barry,Coulling,bcoullingpi@smh.com.au,66450024832,Polygender
920,Amitie,Fawlkes,afawlkespj@home.pl,36074281628,Female
921,Ulick,Constantine,uconstantinepk@typepad.com,58431737677,Male
922,Gerianna,Hardistry,,46170369121,Female
923,Caritta,Guilloneau,cguilloneaupm@ustream.tv,70694571296,Female
924,Dorris,Roizin,droizinpn@vkontakte.ru,19064688153,Female
925,Ignazio,Kovalski,ikovalskipo@washington.edu,15159675949,Male
926,Vittorio,Routley,vroutleypp@state.gov,36969115702,Male
927,Mona,Fortune,mfortunepq@state.tx.us,93403384420,Female
928,Orazio,Aitken,oaitkenpr@prnewswire.com,58104551797,Male
929,Anselm,Madre,amadreps@i2i.jp,,Male
930,Jourdan,Covelle,jcovellept@patch.com,70283116921,Female
931,Liza,Carvell,lcarvellpu@tiny.cc,59048606921,Female
932,Rici,Morecombe,rmorecombepv@ftc.gov,15825609196,Female
933,Kev,Bassingham,kbassinghampw@eepurl.com,79105104976,Male
934,Alessandro,Beric,abericpx@xinhuanet.com,65635818205,Male
935,Brantley,Lammert,blammertpy@phoca.cz,,Male
936,Gaven,Rome,gromepz@liveinternet.ru,31251829317,Non-binary
937,Frederich,Dahlborg,fdahlborgq0@toplist.cz,98582456876,Male
938,Hubey,Steiner,hsteinerq1@nydailynews.com,66868759678,Male
939,Beauregard,Hurle,,81890461321,Male
940,Lissie,Cawdery,,,Female
941,Mohandis,Bartomieu,mbartomieuq4@discuz.net,90026038862,Male
942,Emmaline,Greathead,,44332267031,Non-binary
943,Ramsay,Farlam,rfarlamq6@japanpost.jp,94210781088,Male
944,Garek,Skipsea,gskipseaq7@shutterfly.com,25469484141,Male
945,Lane,Moreinu,lmoreinuq8@w3.org,84181088141,Female
946,Feodor,Penton,fpentonq9@scribd.com,63644686155,Male
947,Jeannette,Piper,jpiperqa@wufoo.com,49275138223,Female
948,Dannie,Bau,dbauqb@is.gd,69189403505,Female
949,Antonio,Peacop,apeacopqc@goodreads.com,51235804310,Non-binary
950,Riki,Galvan,rgalvanqd@amazonaws.com,33547653774,Female
951,Meridith,Kneesha,mkneeshaqe@wikipedia.org,14930179346,Female
952,Giuseppe,Akam,gakamqf@qq.com,93015284278,Male
953,Zacharias,Christopher,zchristopherqg@zdnet.com,81820490957,Male
954,Alexia,Gillcrist,agillcristqh@ehow.com,95127435502,Female
955,Gwynne,Jamme,gjammeqi@google.co.jp,13593354496,Female
956,Davie,Glason,,74313076542,Male
957,Marylee,Ludlem,mludlemqk@gizmodo.com,22423823401,Female
958,Kessiah,Marfell,kmarfellql@icio.us,98977597652,Female
959,Edithe,Albers,ealbersqm@mail.ru,52794844063,Female
960,Jerrylee,Weston,jwestonqn@nyu.edu,47121868349,Non-binary
961,Abramo,Spaducci,aspaducciqo@wp.com,,Agender
962,Forester,Drayton,fdraytonqp@nytimes.com,92345337018,Male
963,Lezley,Baudin,,85067042900,Male
964,Fairlie,Girsch,fgirschqr@earthlink.net,70969499382,Male
965,Ab,Bernardt,abernardtqs@webnode.com,71465084584,Male
966,Fredrick,Eskrigg,feskriggqt@apache.org,84933634451,Male
967,Kristyn,Eayrs,keayrsqu@de.vu,18709275992,Female
968,Rainer,Ewbanks,rewbanksqv@tinyurl.com,24360531062,Male
969,Kerri,Willoughway,kwilloughwayqw@tuttocitta.it,,Female
970,Grace,Jaimez,gjaimezqx@pinterest.com,50635647147,Female
971,Gloriane,Eirwin,geirwinqy@google.com.au,21638662793,Female
972,Clevie,Cabera,ccaberaqz@rambler.ru,88046527355,Male
973,Brana,Rochelle,brocheller0@skype.com,44742709795,Female
974,Marne,Lilian,mlilianr1@fastcompany.com,97557704930,Female
975,Mara,Goldthorpe,mgoldthorper2@illinois.edu,34794148151,Female
976,Leon,Golborne,lgolborner3@dagondesign.com,57314671477,Male
977,Gibb,Regler,greglerr4@intel.com,96102808012,Male
978,Gan,Olfert,golfertr5@google.cn,,Male
979,Fairleigh,Manklow,fmanklowr6@freewebs.com,30601641759,Male
980,Caspar,Leverington,cleveringtonr7@google.cn,72300635565,Male
981,Dudley,Bowes,dbowesr8@unc.edu,81739903775,Male
982,Estella,Donovin,,62937861443,Female
983,Olivia,Ginnane,oginnanera@twitpic.com,75984745017,Agender
984,Taddeusz,Willbraham,twillbrahamrb@livejournal.com,81371485326,Male
985,Salaidh,Bore,,29900176396,Female
986,Wyatt,Darthe,wdartherd@cocolog-nifty.com,33545833895,Non-binary
987,Kristal,Dilgarno,kdilgarnore@live.com,21482163127,Female
988,Vern,Clougher,vclougherrf@cam.ac.uk,83346620361,Male
989,Darby,Stourton,dstourtonrg@chronoengine.com,,Female
990,Brunhilda,Leonardi,bleonardirh@webmd.com,68753925229,Female
991,Tobi,Hagart,,53239264182,Female
992,Tiebout,Caps,,,Male
993,Rosabelle,Saffen,rsaffenrk@comsenz.com,21049919824,Genderqueer
994,Hugh,Danher,hdanherrl@mysql.com,,Male
995,Kenny,MacCallum,kmaccallumrm@chicagotribune.com,47412882144,Male
996,Luce,Mac Giolla Pheadair,lmacgiollapheadairrn@noaa.gov,22952076643,Female
997,Darcee,Langmuir,dlangmuirro@yale.edu,50654709600,Female
998,Elyssa,Mathers,,78617567844,Female
999,Consalve,MacCardle,cmaccardlerq@ameblo.jp,47098006524,Male
1000,Burk,Domanski,,78858329640,Bigender
